{"initial_reset_timestamp": 1519530178.2677522, "timestamps": [1519530187.10583, 1519530188.0636246, 1519530188.9549177, 1519530189.6901274, 1519530190.3111753, 1519530190.9090245, 1519530191.4964457, 1519530192.411948, 1519530195.078346, 1519530195.5949311, 1519530196.1627555, 1519530196.9525275, 1519530197.487861, 1519530198.0094018, 1519530199.2816231, 1519530200.8532524, 1519530201.923295, 1519530202.6431687, 1519530203.1854446, 1519530204.144841, 1519530205.8504646, 1519530206.586441, 1519530207.7017274, 1519530209.1094527, 1519530209.8007503, 1519530210.4333916, 1519530211.4775825], "episode_lengths": [602, 441, 622, 563, 466, 459, 461, 706, 1487, 384, 435, 614, 414, 404, 985, 1228, 825, 562, 418, 743, 1315, 565, 865, 1085, 529, 489, 751], "episode_rewards": [0.0, 0.0, 0.0, 0.0, 0.0, 0.0, 0.0, 0.0, 0.0, 0.0, 0.0, 0.0, 0.0, 0.0, 0.0, 0.0, 0.0, 0.0, 0.0, 0.0, 0.0, 0.0, 0.0, 0.0, 0.0, 0.0, 0.0], "episode_types": ["t", "t", "t", "t", "t", "t", "t", "t", "t", "t", "t", "t", "t", "t", "t", "t", "t", "t", "t", "t", "t", "t", "t", "t", "t", "t", "t", "t"]}